epoch,learning_rate,train_loss,train_macro_f1,val_loss,val_supported_macro_f1
1,0.0003,1.0528523978328586,0.6554843577759927,1.4393228924649204,0.19099933219317403
2,0.0002967221401100708,0.7820525477404452,0.8414623031069552,1.4727518925231373,0.1883070135426994
3,0.0002870318186463901,0.5605424616684007,0.9056861261811205,1.7294528695816052,0.23522645162755146
4,0.0002713525491562421,0.4078087520842316,0.9811583442084304,1.7594809192204903,0.21894592295462437
5,0.00025036959095382875,0.37483242246697507,0.9900055665870934,1.7481825200918906,0.24283355543618013
6,0.00022500000000000002,0.357753445200807,0.9927740237964743,1.7466757031168767,0.20168396824791548
7,0.00019635254915624213,0.34218046183926515,0.9950850442855322,1.6316422515822029,0.22851552911189058
8,0.00016567926949014806,0.3379407190629334,0.9957097857413819,1.7364187875461436,0.21864851547621528
9,0.00013432073050985205,0.3286535564085715,0.9975609502556867,1.6588962652726087,0.2312838490695744
